name,Snippet,description,longitude,latitude,altitude
Aeroport (Moscow Metro),,"<br>Source: Wikipedia article <a href=""https://en.wikipedia.org/wiki/Aeroport_%28Moscow_Metro%29"">Aeroport (Moscow Metro)</a>",37.5329,55.8003,0
Akademicheskaya (Kaluzhsko–Rizhskaya line),,"<br>Source: Wikipedia article <a href=""https://en.wikipedia.org/wiki/Akademicheskaya_%28Kaluzhsko%E2%80%93Rizhskaya_line%29"">Akademicheskaya (Kaluzhsko–Rizhskaya line)</a>",37.5733,55.6877,0
Aleksandrovsky Sad (Moscow Metro),,"<br>Source: Wikipedia article <a href=""https://en.wikipedia.org/wiki/Aleksandrovsky_Sad_%28Moscow_Metro%29"">Aleksandrovsky Sad (Moscow Metro)</a>",37.6085,55.7525,0
Alekseyevskaya (Moscow Metro),,"<br>Source: Wikipedia article <a href=""https://en.wikipedia.org/wiki/Alekseyevskaya_%28Moscow_Metro%29"">Alekseyevskaya (Moscow Metro)</a>",37.639,55.8088,0
Alma-Atinskaya (Moscow Metro),,"<br>Source: Wikipedia article <a href=""https://en.wikipedia.org/wiki/Alma-Atinskaya_%28Moscow_Metro%29"">Alma-Atinskaya (Moscow Metro)</a>",37.766,55.6326,0
Altufyevo (Moscow Metro),,"<br>Source: Wikipedia article <a href=""https://en.wikipedia.org/wiki/Altufyevo_%28Moscow_Metro%29"">Altufyevo (Moscow Metro)</a>",37.587,55.898,0
Andronovka (Moscow Central Circle),,"<br>Source: Wikipedia article <a href=""https://en.wikipedia.org/wiki/Andronovka_%28Moscow_Central_Circle%29"">Andronovka (Moscow Central Circle)</a>",37.738,55.7473,0
Annino (Moscow Metro),,"<br>Source: Wikipedia article <a href=""https://en.wikipedia.org/wiki/Annino_%28Moscow_Metro%29"">Annino (Moscow Metro)</a>",37.5966,55.5828,0
Arbatskaya (Arbatsko–Pokrovskaya line),,"<br>Source: Wikipedia article <a href=""https://en.wikipedia.org/wiki/Arbatskaya_%28Arbatsko%E2%80%93Pokrovskaya_line%29"">Arbatskaya (Arbatsko–Pokrovskaya line)</a>",37.6061,55.7522,0
Arbatskaya (Filyovskaya line),,"<br>Source: Wikipedia article <a href=""https://en.wikipedia.org/wiki/Arbatskaya_%28Filyovskaya_line%29"">Arbatskaya (Filyovskaya line)</a>",37.6007,55.7518,0
Aviamotornaya (Bolshaya Koltsevaya line),,"<br>Source: Wikipedia article <a href=""https://en.wikipedia.org/wiki/Aviamotornaya_%28Bolshaya_Koltsevaya_line%29"">Aviamotornaya (Bolshaya Koltsevaya line)</a>",37.718611,55.753055,0
Aviamotornaya (Kalininsko–Solntsevskaya line),,"<br>Source: Wikipedia article <a href=""https://en.wikipedia.org/wiki/Aviamotornaya_%28Kalininsko%E2%80%93Solntsevskaya_line%29"">Aviamotornaya (Kalininsko–Solntsevskaya line)</a>",37.7191,55.7524,0
Avtozavodskaya (Moscow Central Circle),,"<br>Source: Wikipedia article <a href=""https://en.wikipedia.org/wiki/Avtozavodskaya_%28Moscow_Central_Circle%29"">Avtozavodskaya (Moscow Central Circle)</a>",37.6636,55.7066,0
Avtozavodskaya (Zamoskvoretskaya line),,"<br>Source: Wikipedia article <a href=""https://en.wikipedia.org/wiki/Avtozavodskaya_%28Zamoskvoretskaya_line%29"">Avtozavodskaya (Zamoskvoretskaya line)</a>",37.6576,55.7074,0
Babushkinskaya,,"<br>Source: Wikipedia article <a href=""https://en.wikipedia.org/wiki/Babushkinskaya"">Babushkinskaya</a>",37.6644,55.8694,0
Bagrationovskaya,,"<br>Source: Wikipedia article <a href=""https://en.wikipedia.org/wiki/Bagrationovskaya"">Bagrationovskaya</a>",37.4977,55.7438,0
Baltiyskaya (Moscow Central Circle),,"<br>Source: Wikipedia article <a href=""https://en.wikipedia.org/wiki/Baltiyskaya_%28Moscow_Central_Circle%29"">Baltiyskaya (Moscow Central Circle)</a>",37.4965,55.8259,0
Barrikadnaya,,"<br>Source: Wikipedia article <a href=""https://en.wikipedia.org/wiki/Barrikadnaya"">Barrikadnaya</a>",37.5795,55.7612,0
Baumanskaya (Moscow Metro),,"<br>Source: Wikipedia article <a href=""https://en.wikipedia.org/wiki/Baumanskaya_%28Moscow_Metro%29"">Baumanskaya (Moscow Metro)</a>",37.6806,55.773,0
Begovaya (Moscow Metro),,"<br>Source: Wikipedia article <a href=""https://en.wikipedia.org/wiki/Begovaya_%28Moscow_Metro%29"">Begovaya (Moscow Metro)</a>",37.5468,55.7738,0
Belokamennaya (Moscow Central Circle),,"<br>Source: Wikipedia article <a href=""https://en.wikipedia.org/wiki/Belokamennaya_%28Moscow_Central_Circle%29"">Belokamennaya (Moscow Central Circle)</a>",37.7018,55.8298,0
Belomorskaya (Moscow Metro),,"<br>Source: Wikipedia article <a href=""https://en.wikipedia.org/wiki/Belomorskaya_%28Moscow_Metro%29"">Belomorskaya (Moscow Metro)</a>",37.476388,55.865833,0
Belorusskaya (Koltsevaya line),,"<br>Source: Wikipedia article <a href=""https://en.wikipedia.org/wiki/Belorusskaya_%28Koltsevaya_line%29"">Belorusskaya (Koltsevaya line)</a>",37.5844,55.7764,0
Belorusskaya (Zamoskvoretskaya line),,"<br>Source: Wikipedia article <a href=""https://en.wikipedia.org/wiki/Belorusskaya_%28Zamoskvoretskaya_line%29"">Belorusskaya (Zamoskvoretskaya line)</a>",37.5835,55.7767,0
Belyayevo (Moscow Metro),,"<br>Source: Wikipedia article <a href=""https://en.wikipedia.org/wiki/Belyayevo_%28Moscow_Metro%29"">Belyayevo (Moscow Metro)</a>",37.5257,55.6428,0
Bibirevo (Moscow Metro),,"<br>Source: Wikipedia article <a href=""https://en.wikipedia.org/wiki/Bibirevo_%28Moscow_Metro%29"">Bibirevo (Moscow Metro)</a>",37.6034,55.8838,0
Biblioteka Imeni Lenina,,"<br>Source: Wikipedia article <a href=""https://en.wikipedia.org/wiki/Biblioteka_Imeni_Lenina"">Biblioteka Imeni Lenina</a>",37.61,55.7512,0
Bittsevsky Park (Moscow Metro),,"<br>Source: Wikipedia article <a href=""https://en.wikipedia.org/wiki/Bittsevsky_Park_%28Moscow_Metro%29"">Bittsevsky Park (Moscow Metro)</a>",37.5562,55.6004,0
Borisovo (Moscow Metro),,"<br>Source: Wikipedia article <a href=""https://en.wikipedia.org/wiki/Borisovo_%28Moscow_Metro%29"">Borisovo (Moscow Metro)</a>",37.7436,55.6334,0
Borovitskaya (Moscow Metro),,"<br>Source: Wikipedia article <a href=""https://en.wikipedia.org/wiki/Borovitskaya_%28Moscow_Metro%29"">Borovitskaya (Moscow Metro)</a>",37.6072,55.7511,0
Borovskoye Shosse,,"<br>Source: Wikipedia article <a href=""https://en.wikipedia.org/wiki/Borovskoye_Shosse"">Borovskoye Shosse</a>",37.370186,55.647672,0
Botanichesky Sad (Kaluzhsko–Rizhskaya line),,"<br>Source: Wikipedia article <a href=""https://en.wikipedia.org/wiki/Botanichesky_Sad_%28Kaluzhsko%E2%80%93Rizhskaya_line%29"">Botanichesky Sad (Kaluzhsko–Rizhskaya line)</a>",37.6383,55.8449,0
Botanichesky Sad (Moscow Central Circle),,"<br>Source: Wikipedia article <a href=""https://en.wikipedia.org/wiki/Botanichesky_Sad_%28Moscow_Central_Circle%29"">Botanichesky Sad (Moscow Central Circle)</a>",37.6383,55.8456,0
Bratislavskaya (Moscow Metro),,"<br>Source: Wikipedia article <a href=""https://en.wikipedia.org/wiki/Bratislavskaya_%28Moscow_Metro%29"">Bratislavskaya (Moscow Metro)</a>",37.7505,55.6597,0
Bulvar Admirala Ushakova,,"<br>Source: Wikipedia article <a href=""https://en.wikipedia.org/wiki/Bulvar_Admirala_Ushakova"">Bulvar Admirala Ushakova</a>",37.543,55.5455,0
Bulvar Dmitriya Donskogo,,"<br>Source: Wikipedia article <a href=""https://en.wikipedia.org/wiki/Bulvar_Dmitriya_Donskogo"">Bulvar Dmitriya Donskogo</a>",37.5769,55.5693,0
Bulvar Rokossovskogo (Moscow Central Circle),,"<br>Source: Wikipedia article <a href=""https://en.wikipedia.org/wiki/Bulvar_Rokossovskogo_%28Moscow_Central_Circle%29"">Bulvar Rokossovskogo (Moscow Central Circle)</a>",37.7373,55.8172,0
Bulvar Rokossovskogo (Sokolnicheskaya line),,"<br>Source: Wikipedia article <a href=""https://en.wikipedia.org/wiki/Bulvar_Rokossovskogo_%28Sokolnicheskaya_line%29"">Bulvar Rokossovskogo (Sokolnicheskaya line)</a>",37.7342,55.8148,0
Buninskaya Alleya,,"<br>Source: Wikipedia article <a href=""https://en.wikipedia.org/wiki/Buninskaya_Alleya"">Buninskaya Alleya</a>",37.5158,55.538,0
Butyrskaya (Moscow Metro),,"<br>Source: Wikipedia article <a href=""https://en.wikipedia.org/wiki/Butyrskaya_%28Moscow_Metro%29"">Butyrskaya (Moscow Metro)</a>",37.602328,55.813577,0
Chekhovskaya,,"<br>Source: Wikipedia article <a href=""https://en.wikipedia.org/wiki/Chekhovskaya"">Chekhovskaya</a>",37.6097,55.7644,0
Cherkizovskaya,,"<br>Source: Wikipedia article <a href=""https://en.wikipedia.org/wiki/Cherkizovskaya"">Cherkizovskaya</a>",37.7448,55.8038,0
Chertanovskaya,,"<br>Source: Wikipedia article <a href=""https://en.wikipedia.org/wiki/Chertanovskaya"">Chertanovskaya</a>",37.6067,55.6405,0
Chistye Prudy (Moscow Metro),,"<br>Source: Wikipedia article <a href=""https://en.wikipedia.org/wiki/Chistye_Prudy_%28Moscow_Metro%29"">Chistye Prudy (Moscow Metro)</a>",37.6388,55.7657,0
Chkalovskaya (Moscow Metro),,"<br>Source: Wikipedia article <a href=""https://en.wikipedia.org/wiki/Chkalovskaya_%28Moscow_Metro%29"">Chkalovskaya (Moscow Metro)</a>",37.6573,55.7565,0
Delovoy Tsentr (Bolshaya Koltsevaya line),,"<br>Source: Wikipedia article <a href=""https://en.wikipedia.org/wiki/Delovoy_Tsentr_%28Bolshaya_Koltsevaya_line%29"">Delovoy Tsentr (Bolshaya Koltsevaya line)</a>",37.5391,55.7489,0
Delovoy Tsentr (Kalininsko–Solntsevskaya line),,"<br>Source: Wikipedia article <a href=""https://en.wikipedia.org/wiki/Delovoy_Tsentr_%28Kalininsko%E2%80%93Solntsevskaya_line%29"">Delovoy Tsentr (Kalininsko–Solntsevskaya line)</a>",37.5395,55.7491,0
Delovoy Tsentr (Moscow Central Circle),,"<br>Source: Wikipedia article <a href=""https://en.wikipedia.org/wiki/Delovoy_Tsentr_%28Moscow_Central_Circle%29"">Delovoy Tsentr (Moscow Central Circle)</a>",37.532,55.7476,0
Dinamo (Moscow Metro),,"<br>Source: Wikipedia article <a href=""https://en.wikipedia.org/wiki/Dinamo_%28Moscow_Metro%29"">Dinamo (Moscow Metro)</a>",37.558,55.7897,0
Dmitrovskaya (Moscow Metro),,"<br>Source: Wikipedia article <a href=""https://en.wikipedia.org/wiki/Dmitrovskaya_%28Moscow_Metro%29"">Dmitrovskaya (Moscow Metro)</a>",37.5817,55.8069,0
Dobryninskaya,,"<br>Source: Wikipedia article <a href=""https://en.wikipedia.org/wiki/Dobryninskaya"">Dobryninskaya</a>",37.6243,55.7291,0
Domodedovskaya,,"<br>Source: Wikipedia article <a href=""https://en.wikipedia.org/wiki/Domodedovskaya"">Domodedovskaya</a>",37.7186,55.6108,0
Dostoevskaya (Moscow Metro),,"<br>Source: Wikipedia article <a href=""https://en.wikipedia.org/wiki/Dostoevskaya_%28Moscow_Metro%29"">Dostoevskaya (Moscow Metro)</a>",37.6151,55.7816,0
Dubrovka (Lyublinsko–Dmitrovskaya line),,"<br>Source: Wikipedia article <a href=""https://en.wikipedia.org/wiki/Dubrovka_%28Lyublinsko%E2%80%93Dmitrovskaya_line%29"">Dubrovka (Lyublinsko–Dmitrovskaya line)</a>",37.676,55.7186,0
Dubrovka (Moscow Central Circle),,"<br>Source: Wikipedia article <a href=""https://en.wikipedia.org/wiki/Dubrovka_%28Moscow_Central_Circle%29"">Dubrovka (Moscow Central Circle)</a>",37.6781,55.7127,0
Elektrozavodskaya (Arbatsko–Pokrovskaya line),,"<br>Source: Wikipedia article <a href=""https://en.wikipedia.org/wiki/Elektrozavodskaya_%28Arbatsko%E2%80%93Pokrovskaya_line%29"">Elektrozavodskaya (Arbatsko–Pokrovskaya line)</a>",37.7037,55.7817,0
Elektrozavodskaya (Bolshaya Koltsevaya line),,"<br>Source: Wikipedia article <a href=""https://en.wikipedia.org/wiki/Elektrozavodskaya_%28Bolshaya_Koltsevaya_line%29"">Elektrozavodskaya (Bolshaya Koltsevaya line)</a>",37.702777,55.780833,0
Filatov Lug (Moscow Metro),,"<br>Source: Wikipedia article <a href=""https://en.wikipedia.org/wiki/Filatov_Lug_%28Moscow_Metro%29"">Filatov Lug (Moscow Metro)</a>",37.4077,55.6013,0
Fili (Moscow Metro),,"<br>Source: Wikipedia article <a href=""https://en.wikipedia.org/wiki/Fili_%28Moscow_Metro%29"">Fili (Moscow Metro)</a>",37.515,55.746,0
Filyovsky Park (Moscow Metro),,"<br>Source: Wikipedia article <a href=""https://en.wikipedia.org/wiki/Filyovsky_Park_%28Moscow_Metro%29"">Filyovsky Park (Moscow Metro)</a>",37.4833,55.7396,0
Fonvizinskaya (Moscow Metro),,"<br>Source: Wikipedia article <a href=""https://en.wikipedia.org/wiki/Fonvizinskaya_%28Moscow_Metro%29"">Fonvizinskaya (Moscow Metro)</a>",37.589967,55.821512,0
Frunzenskaya (Moscow Metro),,"<br>Source: Wikipedia article <a href=""https://en.wikipedia.org/wiki/Frunzenskaya_%28Moscow_Metro%29"">Frunzenskaya (Moscow Metro)</a>",37.5786,55.7267,0
Govorovo,,"<br>Source: Wikipedia article <a href=""https://en.wikipedia.org/wiki/Govorovo"">Govorovo</a>",37.417392,55.659531,0
Izmaylovo (Moscow Central Circle),,"<br>Source: Wikipedia article <a href=""https://en.wikipedia.org/wiki/Izmaylovo_%28Moscow_Central_Circle%29"">Izmaylovo (Moscow Central Circle)</a>",37.7434,55.7896,0
Izmaylovskaya (Moscow Metro),,"<br>Source: Wikipedia article <a href=""https://en.wikipedia.org/wiki/Izmaylovskaya_%28Moscow_Metro%29"">Izmaylovskaya (Moscow Metro)</a>",37.7814,55.7878,0
Kakhovskaya (Moscow Metro),,"<br>Source: Wikipedia article <a href=""https://en.wikipedia.org/wiki/Kakhovskaya_%28Moscow_Metro%29"">Kakhovskaya (Moscow Metro)</a>",37.5983,55.653,0
Kaluzhskaya (Moscow Metro),,"<br>Source: Wikipedia article <a href=""https://en.wikipedia.org/wiki/Kaluzhskaya_%28Moscow_Metro%29"">Kaluzhskaya (Moscow Metro)</a>",37.5405,55.6571,0
Kaluzhskaya (closed),,"<br>Source: Wikipedia article <a href=""https://en.wikipedia.org/wiki/Kaluzhskaya_%28closed%29"">Kaluzhskaya (closed)</a>",37.5455,55.6584,0
Kantemirovskaya (Moscow Metro),,"<br>Source: Wikipedia article <a href=""https://en.wikipedia.org/wiki/Kantemirovskaya_%28Moscow_Metro%29"">Kantemirovskaya (Moscow Metro)</a>",37.6564,55.6358,0
Kashirskaya,,"<br>Source: Wikipedia article <a href=""https://en.wikipedia.org/wiki/Kashirskaya"">Kashirskaya</a>",37.6487,55.6551,0
Khoroshyovo (Moscow Central Circle),,"<br>Source: Wikipedia article <a href=""https://en.wikipedia.org/wiki/Khoroshyovo_%28Moscow_Central_Circle%29"">Khoroshyovo (Moscow Central Circle)</a>",37.5071,55.7773,0
Khoroshyovskaya (Moscow Metro),,"<br>Source: Wikipedia article <a href=""https://en.wikipedia.org/wiki/Khoroshyovskaya_%28Moscow_Metro%29"">Khoroshyovskaya (Moscow Metro)</a>",37.5181,55.7766,0
Khovrino (Moscow Metro),,"<br>Source: Wikipedia article <a href=""https://en.wikipedia.org/wiki/Khovrino_%28Moscow_Metro%29"">Khovrino (Moscow Metro)</a>",37.482222,55.879167,0
Kitay-gorod (Moscow Metro),,"<br>Source: Wikipedia article <a href=""https://en.wikipedia.org/wiki/Kitay-gorod_%28Moscow_Metro%29"">Kitay-gorod (Moscow Metro)</a>",37.6333,55.7553,0
Kiyevskaya (Arbatsko–Pokrovskaya line),,"<br>Source: Wikipedia article <a href=""https://en.wikipedia.org/wiki/Kiyevskaya_%28Arbatsko%E2%80%93Pokrovskaya_line%29"">Kiyevskaya (Arbatsko–Pokrovskaya line)</a>",37.5645,55.7442,0
Kiyevskaya (Filyovskaya line),,"<br>Source: Wikipedia article <a href=""https://en.wikipedia.org/wiki/Kiyevskaya_%28Filyovskaya_line%29"">Kiyevskaya (Filyovskaya line)</a>",37.5655,55.7436,0
Kiyevskaya (Koltsevaya line),,"<br>Source: Wikipedia article <a href=""https://en.wikipedia.org/wiki/Kiyevskaya_%28Koltsevaya_line%29"">Kiyevskaya (Koltsevaya line)</a>",37.5644,55.7446,0
Kolomenskaya (Moscow Metro),,"<br>Source: Wikipedia article <a href=""https://en.wikipedia.org/wiki/Kolomenskaya_%28Moscow_Metro%29"">Kolomenskaya (Moscow Metro)</a>",37.6638,55.6785,0
Kommunarka (Sokolnicheskaya line),,"<br>Source: Wikipedia article <a href=""https://en.wikipedia.org/wiki/Kommunarka_%28Sokolnicheskaya_line%29"">Kommunarka (Sokolnicheskaya line)</a>",37.4696,55.5605,0
Komsomolskaya (Koltsevaya line),,"<br>Source: Wikipedia article <a href=""https://en.wikipedia.org/wiki/Komsomolskaya_%28Koltsevaya_line%29"">Komsomolskaya (Koltsevaya line)</a>",37.6549,55.7748,0
Komsomolskaya (Sokolnicheskaya line),,"<br>Source: Wikipedia article <a href=""https://en.wikipedia.org/wiki/Komsomolskaya_%28Sokolnicheskaya_line%29"">Komsomolskaya (Sokolnicheskaya line)</a>",37.6562,55.7753,0
Konkovo (Moscow Metro),,"<br>Source: Wikipedia article <a href=""https://en.wikipedia.org/wiki/Konkovo_%28Moscow_Metro%29"">Konkovo (Moscow Metro)</a>",37.5188,55.6333,0
Koptevo (Moscow Central Circle),,"<br>Source: Wikipedia article <a href=""https://en.wikipedia.org/wiki/Koptevo_%28Moscow_Central_Circle%29"">Koptevo (Moscow Central Circle)</a>",37.5203,55.8397,0
Kosino (Moscow Metro),,"<br>Source: Wikipedia article <a href=""https://en.wikipedia.org/wiki/Kosino_%28Moscow_Metro%29"">Kosino (Moscow Metro)</a>",37.847777,55.704166,0
Kotelniki (Moscow Metro),,"<br>Source: Wikipedia article <a href=""https://en.wikipedia.org/wiki/Kotelniki_%28Moscow_Metro%29"">Kotelniki (Moscow Metro)</a>",37.8582,55.6743,0
Kozhukhovskaya,,"<br>Source: Wikipedia article <a href=""https://en.wikipedia.org/wiki/Kozhukhovskaya"">Kozhukhovskaya</a>",37.6851,55.7074,0
Krasnogvardeyskaya (Moscow Metro),,"<br>Source: Wikipedia article <a href=""https://en.wikipedia.org/wiki/Krasnogvardeyskaya_%28Moscow_Metro%29"">Krasnogvardeyskaya (Moscow Metro)</a>",37.7444,55.6137,0
Krasnopresnenskaya,,"<br>Source: Wikipedia article <a href=""https://en.wikipedia.org/wiki/Krasnopresnenskaya"">Krasnopresnenskaya</a>",37.5774,55.7613,0
Krasnoselskaya,,"<br>Source: Wikipedia article <a href=""https://en.wikipedia.org/wiki/Krasnoselskaya"">Krasnoselskaya</a>",37.6673,55.7801,0
Krasnye Vorota (Moscow Metro),,"<br>Source: Wikipedia article <a href=""https://en.wikipedia.org/wiki/Krasnye_Vorota_%28Moscow_Metro%29"">Krasnye Vorota (Moscow Metro)</a>",37.6487,55.769,0
Krestyanskaya Zastava,,"<br>Source: Wikipedia article <a href=""https://en.wikipedia.org/wiki/Krestyanskaya_Zastava"">Krestyanskaya Zastava</a>",37.6673,55.7331,0
Kropotkinskaya,,"<br>Source: Wikipedia article <a href=""https://en.wikipedia.org/wiki/Kropotkinskaya"">Kropotkinskaya</a>",37.6037,55.7453,0
Krylatskoye (Moscow Metro),,"<br>Source: Wikipedia article <a href=""https://en.wikipedia.org/wiki/Krylatskoye_%28Moscow_Metro%29"">Krylatskoye (Moscow Metro)</a>",37.4081,55.7567,0
Krymskaya (Moscow Central Circle),,"<br>Source: Wikipedia article <a href=""https://en.wikipedia.org/wiki/Krymskaya_%28Moscow_Central_Circle%29"">Krymskaya (Moscow Central Circle)</a>",37.6042,55.6904,0
Kuntsevskaya (Arbatsko–Pokrovskaya and Filyovskaya lines),,"<br>Source: Wikipedia article <a href=""https://en.wikipedia.org/wiki/Kuntsevskaya_%28Arbatsko%E2%80%93Pokrovskaya_and_Filyovskaya_lines%29"">Kuntsevskaya (Arbatsko–Pokrovskaya and Filyovskaya lines)</a>",37.4459,55.7307,0
Kurskaya (Arbatsko–Pokrovskaya line),,"<br>Source: Wikipedia article <a href=""https://en.wikipedia.org/wiki/Kurskaya_%28Arbatsko%E2%80%93Pokrovskaya_line%29"">Kurskaya (Arbatsko–Pokrovskaya line)</a>",37.6577,55.7576,0
Kurskaya (Koltsevaya line),,"<br>Source: Wikipedia article <a href=""https://en.wikipedia.org/wiki/Kurskaya_%28Koltsevaya_line%29"">Kurskaya (Koltsevaya line)</a>",37.6595,55.757,0
Kutuzovskaya (Filyovskaya line),,"<br>Source: Wikipedia article <a href=""https://en.wikipedia.org/wiki/Kutuzovskaya_%28Filyovskaya_line%29"">Kutuzovskaya (Filyovskaya line)</a>",37.5344,55.7399,0
Kutuzovskaya (Moscow Central Circle),,"<br>Source: Wikipedia article <a href=""https://en.wikipedia.org/wiki/Kutuzovskaya_%28Moscow_Central_Circle%29"">Kutuzovskaya (Moscow Central Circle)</a>",37.5344,55.7396,0
Kuzminki (Moscow Metro),,"<br>Source: Wikipedia article <a href=""https://en.wikipedia.org/wiki/Kuzminki_%28Moscow_Metro%29"">Kuzminki (Moscow Metro)</a>",37.7656,55.7056,0
Kuznetsky Most (Moscow Metro),,"<br>Source: Wikipedia article <a href=""https://en.wikipedia.org/wiki/Kuznetsky_Most_%28Moscow_Metro%29"">Kuznetsky Most (Moscow Metro)</a>",37.6259,55.7606,0
Lefortovo (Moscow Metro),,"<br>Source: Wikipedia article <a href=""https://en.wikipedia.org/wiki/Lefortovo_%28Moscow_Metro%29"">Lefortovo (Moscow Metro)</a>",37.702777,55.764444,0
Leninsky Prospekt (Moscow Metro),,"<br>Source: Wikipedia article <a href=""https://en.wikipedia.org/wiki/Leninsky_Prospekt_%28Moscow_Metro%29"">Leninsky Prospekt (Moscow Metro)</a>",37.5861,55.7077,0
Lermontovsky Prospekt,,"<br>Source: Wikipedia article <a href=""https://en.wikipedia.org/wiki/Lermontovsky_Prospekt"">Lermontovsky Prospekt</a>",37.8525,55.7013,0
Lesoparkovaya,,"<br>Source: Wikipedia article <a href=""https://en.wikipedia.org/wiki/Lesoparkovaya"">Lesoparkovaya</a>",37.5769,55.5821,0
Likhobory (Moscow Central Circle),,"<br>Source: Wikipedia article <a href=""https://en.wikipedia.org/wiki/Likhobory_%28Moscow_Central_Circle%29"">Likhobory (Moscow Central Circle)</a>",37.5511,55.8472,0
Lokomotiv (Moscow Central Circle),,"<br>Source: Wikipedia article <a href=""https://en.wikipedia.org/wiki/Lokomotiv_%28Moscow_Central_Circle%29"">Lokomotiv (Moscow Central Circle)</a>",37.7459,55.8039,0
Lomonosovsky Prospekt (Moscow Metro),,"<br>Source: Wikipedia article <a href=""https://en.wikipedia.org/wiki/Lomonosovsky_Prospekt_%28Moscow_Metro%29"">Lomonosovsky Prospekt (Moscow Metro)</a>",37.5156,55.7069,0
Lubyanka (Moscow Metro),,"<br>Source: Wikipedia article <a href=""https://en.wikipedia.org/wiki/Lubyanka_%28Moscow_Metro%29"">Lubyanka (Moscow Metro)</a>",37.6272,55.7597,0
Lukhmanovskaya,,"<br>Source: Wikipedia article <a href=""https://en.wikipedia.org/wiki/Lukhmanovskaya"">Lukhmanovskaya</a>",37.9004,55.7085,0
Luzhniki (Moscow Central Circle),,"<br>Source: Wikipedia article <a href=""https://en.wikipedia.org/wiki/Luzhniki_%28Moscow_Central_Circle%29"">Luzhniki (Moscow Central Circle)</a>",37.5605,55.721,0
Lyublino (Moscow Metro),,"<br>Source: Wikipedia article <a href=""https://en.wikipedia.org/wiki/Lyublino_%28Moscow_Metro%29"">Lyublino (Moscow Metro)</a>",37.7618,55.6758,0
Marksistskaya (Moscow Metro),,"<br>Source: Wikipedia article <a href=""https://en.wikipedia.org/wiki/Marksistskaya_%28Moscow_Metro%29"">Marksistskaya (Moscow Metro)</a>",37.6543,55.7411,0
Maryina Roshcha (Lyublinsko–Dmitrovskaya line),,"<br>Source: Wikipedia article <a href=""https://en.wikipedia.org/wiki/Maryina_Roshcha_%28Lyublinsko%E2%80%93Dmitrovskaya_line%29"">Maryina Roshcha (Lyublinsko–Dmitrovskaya line)</a>",37.6162,55.7954,0
Maryino (Moscow Metro),,"<br>Source: Wikipedia article <a href=""https://en.wikipedia.org/wiki/Maryino_%28Moscow_Metro%29"">Maryino (Moscow Metro)</a>",37.7431,55.65,0
Mayakovskaya (Moscow Metro),,"<br>Source: Wikipedia article <a href=""https://en.wikipedia.org/wiki/Mayakovskaya_%28Moscow_Metro%29"">Mayakovskaya (Moscow Metro)</a>",37.5958,55.7701,0
Medvedkovo (Moscow Metro),,"<br>Source: Wikipedia article <a href=""https://en.wikipedia.org/wiki/Medvedkovo_%28Moscow_Metro%29"">Medvedkovo (Moscow Metro)</a>",37.6613,55.8872,0
Mendeleyevskaya,,"<br>Source: Wikipedia article <a href=""https://en.wikipedia.org/wiki/Mendeleyevskaya"">Mendeleyevskaya</a>",37.6011,55.781,0
Mezhdunarodnaya (Moscow Metro),,"<br>Source: Wikipedia article <a href=""https://en.wikipedia.org/wiki/Mezhdunarodnaya_%28Moscow_Metro%29"">Mezhdunarodnaya (Moscow Metro)</a>",37.5339,55.7483,0
Michurinsky Prospekt (Kalininsko–Solntsevskaya line),,"<br>Source: Wikipedia article <a href=""https://en.wikipedia.org/wiki/Michurinsky_Prospekt_%28Kalininsko%E2%80%93Solntsevskaya_line%29"">Michurinsky Prospekt (Kalininsko–Solntsevskaya line)</a>",37.485,55.689444,0
Minskaya (Moscow Metro),,"<br>Source: Wikipedia article <a href=""https://en.wikipedia.org/wiki/Minskaya_%28Moscow_Metro%29"">Minskaya (Moscow Metro)</a>",37.497,55.7246,0
Mitino (Moscow Metro),,"<br>Source: Wikipedia article <a href=""https://en.wikipedia.org/wiki/Mitino_%28Moscow_Metro%29"">Mitino (Moscow Metro)</a>",37.3622,55.8457,0
Mnyovniki (Moscow Metro),,"<br>Source: Wikipedia article <a href=""https://en.wikipedia.org/wiki/Mnyovniki_%28Moscow_Metro%29"">Mnyovniki (Moscow Metro)</a>",37.4708,55.76,0
Molodyozhnaya (Moscow Metro),,"<br>Source: Wikipedia article <a href=""https://en.wikipedia.org/wiki/Molodyozhnaya_%28Moscow_Metro%29"">Molodyozhnaya (Moscow Metro)</a>",37.4168,55.7408,0
Myakinino (Moscow Metro),,"<br>Source: Wikipedia article <a href=""https://en.wikipedia.org/wiki/Myakinino_%28Moscow_Metro%29"">Myakinino (Moscow Metro)</a>",37.3852,55.8252,0
Nagatinskaya,,"<br>Source: Wikipedia article <a href=""https://en.wikipedia.org/wiki/Nagatinskaya"">Nagatinskaya</a>",37.6224,55.683,0
Nagornaya (Moscow Metro),,"<br>Source: Wikipedia article <a href=""https://en.wikipedia.org/wiki/Nagornaya_%28Moscow_Metro%29"">Nagornaya (Moscow Metro)</a>",37.6104,55.6724,0
Nakhimovsky Prospekt (Moscow Metro),,"<br>Source: Wikipedia article <a href=""https://en.wikipedia.org/wiki/Nakhimovsky_Prospekt_%28Moscow_Metro%29"">Nakhimovsky Prospekt (Moscow Metro)</a>",37.6055,55.6627,0
Narodnoye Opolcheniye (Moscow Metro),,"<br>Source: Wikipedia article <a href=""https://en.wikipedia.org/wiki/Narodnoye_Opolcheniye_%28Moscow_Metro%29"">Narodnoye Opolcheniye (Moscow Metro)</a>",37.4844,55.7753,0
Nekrasovka (Moscow Metro),,"<br>Source: Wikipedia article <a href=""https://en.wikipedia.org/wiki/Nekrasovka_%28Moscow_Metro%29"">Nekrasovka (Moscow Metro)</a>",37.926388,55.703611,0
Nizhegorodskaya (Moscow Central Circle),,"<br>Source: Wikipedia article <a href=""https://en.wikipedia.org/wiki/Nizhegorodskaya_%28Moscow_Central_Circle%29"">Nizhegorodskaya (Moscow Central Circle)</a>",37.7281,55.7321,0
Nizhegorodskaya (Moscow Metro),,"<br>Source: Wikipedia article <a href=""https://en.wikipedia.org/wiki/Nizhegorodskaya_%28Moscow_Metro%29"">Nizhegorodskaya (Moscow Metro)</a>",37.728611,55.7325,0
Novogireyevo (Moscow Metro),,"<br>Source: Wikipedia article <a href=""https://en.wikipedia.org/wiki/Novogireyevo_%28Moscow_Metro%29"">Novogireyevo (Moscow Metro)</a>",37.8166,55.7517,0
Novokhokhlovskaya (Moscow Central Circle),,"<br>Source: Wikipedia article <a href=""https://en.wikipedia.org/wiki/Novokhokhlovskaya_%28Moscow_Central_Circle%29"">Novokhokhlovskaya (Moscow Central Circle)</a>",37.7173,55.7243,0
Novokosino (Moscow Metro),,"<br>Source: Wikipedia article <a href=""https://en.wikipedia.org/wiki/Novokosino_%28Moscow_Metro%29"">Novokosino (Moscow Metro)</a>",37.8638,55.7451,0
Novokuznetskaya,,"<br>Source: Wikipedia article <a href=""https://en.wikipedia.org/wiki/Novokuznetskaya"">Novokuznetskaya</a>",37.6295,55.7415,0
Novoperedelkino,,"<br>Source: Wikipedia article <a href=""https://en.wikipedia.org/wiki/Novoperedelkino"">Novoperedelkino</a>",37.354444,55.639167,0
Novoslobodskaya,,"<br>Source: Wikipedia article <a href=""https://en.wikipedia.org/wiki/Novoslobodskaya"">Novoslobodskaya</a>",37.6028,55.7799,0
Novoyasenevskaya (Moscow Metro),,"<br>Source: Wikipedia article <a href=""https://en.wikipedia.org/wiki/Novoyasenevskaya_%28Moscow_Metro%29"">Novoyasenevskaya (Moscow Metro)</a>",37.5541,55.601,0
Novye Cheryomushki (Moscow Metro),,"<br>Source: Wikipedia article <a href=""https://en.wikipedia.org/wiki/Novye_Cheryomushki_%28Moscow_Metro%29"">Novye Cheryomushki (Moscow Metro)</a>",37.5544,55.6702,0
Okhotny Ryad (Moscow Metro),,"<br>Source: Wikipedia article <a href=""https://en.wikipedia.org/wiki/Okhotny_Ryad_%28Moscow_Metro%29"">Okhotny Ryad (Moscow Metro)</a>",37.6166,55.7577,0
Okruzhnaya (Moscow Central Circle),,"<br>Source: Wikipedia article <a href=""https://en.wikipedia.org/wiki/Okruzhnaya_%28Moscow_Central_Circle%29"">Okruzhnaya (Moscow Central Circle)</a>",37.5711,55.8489,0
Okskaya,,"<br>Source: Wikipedia article <a href=""https://en.wikipedia.org/wiki/Okskaya"">Okskaya</a>",37.781666,55.718611,0
Oktyabrskaya (Kaluzhsko–Rizhskaya line),,"<br>Source: Wikipedia article <a href=""https://en.wikipedia.org/wiki/Oktyabrskaya_%28Kaluzhsko%E2%80%93Rizhskaya_line%29"">Oktyabrskaya (Kaluzhsko–Rizhskaya line)</a>",37.6112,55.7306,0
Oktyabrskaya (Koltsevaya line),,"<br>Source: Wikipedia article <a href=""https://en.wikipedia.org/wiki/Oktyabrskaya_%28Koltsevaya_line%29"">Oktyabrskaya (Koltsevaya line)</a>",37.6091,55.7297,0
Oktyabrskoye Pole,,"<br>Source: Wikipedia article <a href=""https://en.wikipedia.org/wiki/Oktyabrskoye_Pole"">Oktyabrskoye Pole</a>",37.4935,55.7935,0
Orekhovo (Moscow Metro),,"<br>Source: Wikipedia article <a href=""https://en.wikipedia.org/wiki/Orekhovo_%28Moscow_Metro%29"">Orekhovo (Moscow Metro)</a>",37.6949,55.6132,0
Otradnoye (Moscow Metro),,"<br>Source: Wikipedia article <a href=""https://en.wikipedia.org/wiki/Otradnoye_%28Moscow_Metro%29"">Otradnoye (Moscow Metro)</a>",37.6047,55.8633,0
Ozyornaya (Moscow Metro),,"<br>Source: Wikipedia article <a href=""https://en.wikipedia.org/wiki/Ozyornaya_%28Moscow_Metro%29"">Ozyornaya (Moscow Metro)</a>",37.449525,55.670448,0
Panfilovskaya (Moscow Central Circle),,"<br>Source: Wikipedia article <a href=""https://en.wikipedia.org/wiki/Panfilovskaya_%28Moscow_Central_Circle%29"">Panfilovskaya (Moscow Central Circle)</a>",37.4988,55.7991,0
Park Kultury (Koltsevaya line),,"<br>Source: Wikipedia article <a href=""https://en.wikipedia.org/wiki/Park_Kultury_%28Koltsevaya_line%29"">Park Kultury (Koltsevaya line)</a>",37.5915,55.7357,0
Park Kultury (Sokolnicheskaya line),,"<br>Source: Wikipedia article <a href=""https://en.wikipedia.org/wiki/Park_Kultury_%28Sokolnicheskaya_line%29"">Park Kultury (Sokolnicheskaya line)</a>",37.5943,55.7356,0
Park Pobedy (Moscow Metro),,"<br>Source: Wikipedia article <a href=""https://en.wikipedia.org/wiki/Park_Pobedy_%28Moscow_Metro%29"">Park Pobedy (Moscow Metro)</a>",37.5182,55.7362,0
Partizanskaya (Moscow Metro),,"<br>Source: Wikipedia article <a href=""https://en.wikipedia.org/wiki/Partizanskaya_%28Moscow_Metro%29"">Partizanskaya (Moscow Metro)</a>",37.7506,55.7886,0
Paveletskaya (Koltsevaya line),,"<br>Source: Wikipedia article <a href=""https://en.wikipedia.org/wiki/Paveletskaya_%28Koltsevaya_line%29"">Paveletskaya (Koltsevaya line)</a>",37.6379,55.7318,0
Paveletskaya (Zamoskvoretskaya line),,"<br>Source: Wikipedia article <a href=""https://en.wikipedia.org/wiki/Paveletskaya_%28Zamoskvoretskaya_line%29"">Paveletskaya (Zamoskvoretskaya line)</a>",37.6377,55.7305,0
Pechatniki (Lyublinsko–Dmitrovskaya line),,"<br>Source: Wikipedia article <a href=""https://en.wikipedia.org/wiki/Pechatniki_%28Lyublinsko%E2%80%93Dmitrovskaya_line%29"">Pechatniki (Lyublinsko–Dmitrovskaya line)</a>",37.727,55.6934,0
Perovo (Moscow Metro),,"<br>Source: Wikipedia article <a href=""https://en.wikipedia.org/wiki/Perovo_%28Moscow_Metro%29"">Perovo (Moscow Metro)</a>",37.7866,55.7511,0
Pervomayskaya (Moscow Metro),,"<br>Source: Wikipedia article <a href=""https://en.wikipedia.org/wiki/Pervomayskaya_%28Moscow_Metro%29"">Pervomayskaya (Moscow Metro)</a>",37.7993,55.7948,0
Pervomayskaya (closed),,"<br>Source: Wikipedia article <a href=""https://en.wikipedia.org/wiki/Pervomayskaya_%28closed%29"">Pervomayskaya (closed)</a>",37.7742,55.7894,0
Petrovsko-Razumovskaya (Moscow Metro),,"<br>Source: Wikipedia article <a href=""https://en.wikipedia.org/wiki/Petrovsko-Razumovskaya_%28Moscow_Metro%29"">Petrovsko-Razumovskaya (Moscow Metro)</a>",37.5745,55.8351,0
Petrovsky Park (Moscow Metro),,"<br>Source: Wikipedia article <a href=""https://en.wikipedia.org/wiki/Petrovsky_Park_%28Moscow_Metro%29"">Petrovsky Park (Moscow Metro)</a>",37.5578,55.7925,0
Pionerskaya (Moscow Metro),,"<br>Source: Wikipedia article <a href=""https://en.wikipedia.org/wiki/Pionerskaya_%28Moscow_Metro%29"">Pionerskaya (Moscow Metro)</a>",37.4671,55.736,0
Planernaya (Moscow Metro),,"<br>Source: Wikipedia article <a href=""https://en.wikipedia.org/wiki/Planernaya_%28Moscow_Metro%29"">Planernaya (Moscow Metro)</a>",37.4364,55.8607,0
Ploshchad Gagarina (Moscow Central Circle),,"<br>Source: Wikipedia article <a href=""https://en.wikipedia.org/wiki/Ploshchad_Gagarina_%28Moscow_Central_Circle%29"">Ploshchad Gagarina (Moscow Central Circle)</a>",37.5858,55.7071,0
Ploshchad Ilyicha,,"<br>Source: Wikipedia article <a href=""https://en.wikipedia.org/wiki/Ploshchad_Ilyicha"">Ploshchad Ilyicha</a>",37.6824,55.7472,0
Ploshchad Revolyutsii (Moscow Metro),,"<br>Source: Wikipedia article <a href=""https://en.wikipedia.org/wiki/Ploshchad_Revolyutsii_%28Moscow_Metro%29"">Ploshchad Revolyutsii (Moscow Metro)</a>",37.6216,55.7566,0
Polezhayevskaya,,"<br>Source: Wikipedia article <a href=""https://en.wikipedia.org/wiki/Polezhayevskaya"">Polezhayevskaya</a>",37.5192,55.7775,0
Polyanka (Moscow Metro),,"<br>Source: Wikipedia article <a href=""https://en.wikipedia.org/wiki/Polyanka_%28Moscow_Metro%29"">Polyanka (Moscow Metro)</a>",37.618,55.7379,0
Prazhskaya,,"<br>Source: Wikipedia article <a href=""https://en.wikipedia.org/wiki/Prazhskaya"">Prazhskaya</a>",37.6044,55.6124,0
Preobrazhenskaya Ploshchad,,"<br>Source: Wikipedia article <a href=""https://en.wikipedia.org/wiki/Preobrazhenskaya_Ploshchad"">Preobrazhenskaya Ploshchad</a>",37.7151,55.7963,0
Profsoyuznaya (Moscow Metro),,"<br>Source: Wikipedia article <a href=""https://en.wikipedia.org/wiki/Profsoyuznaya_%28Moscow_Metro%29"">Profsoyuznaya (Moscow Metro)</a>",37.5627,55.678,0
Proletarskaya (Moscow Metro),,"<br>Source: Wikipedia article <a href=""https://en.wikipedia.org/wiki/Proletarskaya_%28Moscow_Metro%29"">Proletarskaya (Moscow Metro)</a>",37.6659,55.7319,0
Prospekt Mira (Kaluzhsko–Rizhskaya line),,"<br>Source: Wikipedia article <a href=""https://en.wikipedia.org/wiki/Prospekt_Mira_%28Kaluzhsko%E2%80%93Rizhskaya_line%29"">Prospekt Mira (Kaluzhsko–Rizhskaya line)</a>",37.6318,55.7812,0
Prospekt Mira (Koltsevaya line),,"<br>Source: Wikipedia article <a href=""https://en.wikipedia.org/wiki/Prospekt_Mira_%28Koltsevaya_line%29"">Prospekt Mira (Koltsevaya line)</a>",37.6318,55.7798,0
Prospekt Vernadskogo (Sokolnicheskaya line),,"<br>Source: Wikipedia article <a href=""https://en.wikipedia.org/wiki/Prospekt_Vernadskogo_%28Sokolnicheskaya_line%29"">Prospekt Vernadskogo (Sokolnicheskaya line)</a>",37.506,55.6771,0
Pushkinskaya (Moscow Metro),,"<br>Source: Wikipedia article <a href=""https://en.wikipedia.org/wiki/Pushkinskaya_%28Moscow_Metro%29"">Pushkinskaya (Moscow Metro)</a>",37.6079,55.765,0
Pyatnitskoye Shosse,,"<br>Source: Wikipedia article <a href=""https://en.wikipedia.org/wiki/Pyatnitskoye_Shosse"">Pyatnitskoye Shosse</a>",37.3544,55.8563,0
Ramenki (Moscow Metro),,"<br>Source: Wikipedia article <a href=""https://en.wikipedia.org/wiki/Ramenki_%28Moscow_Metro%29"">Ramenki (Moscow Metro)</a>",37.4984,55.6975,0
Rasskazovka,,"<br>Source: Wikipedia article <a href=""https://en.wikipedia.org/wiki/Rasskazovka"">Rasskazovka</a>",37.3328,55.633,0
Rechnoy Vokzal (Moscow Metro),,"<br>Source: Wikipedia article <a href=""https://en.wikipedia.org/wiki/Rechnoy_Vokzal_%28Moscow_Metro%29"">Rechnoy Vokzal (Moscow Metro)</a>",37.4761,55.8549,0
Rimskaya,,"<br>Source: Wikipedia article <a href=""https://en.wikipedia.org/wiki/Rimskaya"">Rimskaya</a>",37.6819,55.7463,0
Rizhskaya (Kaluzhsko–Rizhskaya line),,"<br>Source: Wikipedia article <a href=""https://en.wikipedia.org/wiki/Rizhskaya_%28Kaluzhsko%E2%80%93Rizhskaya_line%29"">Rizhskaya (Kaluzhsko–Rizhskaya line)</a>",37.6362,55.7936,0
Rostokino (Moscow Central Circle),,"<br>Source: Wikipedia article <a href=""https://en.wikipedia.org/wiki/Rostokino_%28Moscow_Central_Circle%29"">Rostokino (Moscow Central Circle)</a>",37.6676,55.8395,0
Rumyantsevo (Moscow Metro),,"<br>Source: Wikipedia article <a href=""https://en.wikipedia.org/wiki/Rumyantsevo_%28Moscow_Metro%29"">Rumyantsevo (Moscow Metro)</a>",37.4419,55.633,0
Ryazansky Prospekt,,"<br>Source: Wikipedia article <a href=""https://en.wikipedia.org/wiki/Ryazansky_Prospekt"">Ryazansky Prospekt</a>",37.7933,55.717,0
Salaryevo (Moscow Metro),,"<br>Source: Wikipedia article <a href=""https://en.wikipedia.org/wiki/Salaryevo_%28Moscow_Metro%29"">Salaryevo (Moscow Metro)</a>",37.424,55.6227,0
Savyolovskaya (Bolshaya Koltsevaya line),,"<br>Source: Wikipedia article <a href=""https://en.wikipedia.org/wiki/Savyolovskaya_%28Bolshaya_Koltsevaya_line%29"">Savyolovskaya (Bolshaya Koltsevaya line)</a>",37.587,55.7934,0
Savyolovskaya (Serpukhovsko–Timiryazevskaya line),,"<br>Source: Wikipedia article <a href=""https://en.wikipedia.org/wiki/Savyolovskaya_%28Serpukhovsko%E2%80%93Timiryazevskaya_line%29"">Savyolovskaya (Serpukhovsko–Timiryazevskaya line)</a>",37.5885,55.7927,0
Seligerskaya,,"<br>Source: Wikipedia article <a href=""https://en.wikipedia.org/wiki/Seligerskaya"">Seligerskaya</a>",37.548333,55.865,0
Semyonovskaya (Moscow Metro),,"<br>Source: Wikipedia article <a href=""https://en.wikipedia.org/wiki/Semyonovskaya_%28Moscow_Metro%29"">Semyonovskaya (Moscow Metro)</a>",37.7208,55.7833,0
Serpukhovskaya,,"<br>Source: Wikipedia article <a href=""https://en.wikipedia.org/wiki/Serpukhovskaya"">Serpukhovskaya</a>",37.6246,55.728,0
Sevastopolskaya (Moscow Metro),,"<br>Source: Wikipedia article <a href=""https://en.wikipedia.org/wiki/Sevastopolskaya_%28Moscow_Metro%29"">Sevastopolskaya (Moscow Metro)</a>",37.5984,55.6524,0
Shabolovskaya (Moscow Metro),,"<br>Source: Wikipedia article <a href=""https://en.wikipedia.org/wiki/Shabolovskaya_%28Moscow_Metro%29"">Shabolovskaya (Moscow Metro)</a>",37.6083,55.7198,0
Shchukinskaya,,"<br>Source: Wikipedia article <a href=""https://en.wikipedia.org/wiki/Shchukinskaya"">Shchukinskaya</a>",37.4641,55.8086,0
Shchyolkovskaya,,"<br>Source: Wikipedia article <a href=""https://en.wikipedia.org/wiki/Shchyolkovskaya"">Shchyolkovskaya</a>",37.7986,55.8094,0
Shelepikha (Bolshaya Koltsevaya line),,"<br>Source: Wikipedia article <a href=""https://en.wikipedia.org/wiki/Shelepikha_%28Bolshaya_Koltsevaya_line%29"">Shelepikha (Bolshaya Koltsevaya line)</a>",37.524,55.7574,0
Shelepikha (Moscow Central Circle),,"<br>Source: Wikipedia article <a href=""https://en.wikipedia.org/wiki/Shelepikha_%28Moscow_Central_Circle%29"">Shelepikha (Moscow Central Circle)</a>",37.5263,55.7564,0
Shipilovskaya,,"<br>Source: Wikipedia article <a href=""https://en.wikipedia.org/wiki/Shipilovskaya"">Shipilovskaya</a>",37.7437,55.6211,0
Shosse Entuziastov (Moscow Central Circle),,"<br>Source: Wikipedia article <a href=""https://en.wikipedia.org/wiki/Shosse_Entuziastov_%28Moscow_Central_Circle%29"">Shosse Entuziastov (Moscow Central Circle)</a>",37.7463,55.7589,0
Shosse Entuziastov (Moscow Metro),,"<br>Source: Wikipedia article <a href=""https://en.wikipedia.org/wiki/Shosse_Entuziastov_%28Moscow_Metro%29"">Shosse Entuziastov (Moscow Metro)</a>",37.75,55.7576,0
Skhodnenskaya,,"<br>Source: Wikipedia article <a href=""https://en.wikipedia.org/wiki/Skhodnenskaya"">Skhodnenskaya</a>",37.4396,55.8505,0
Slavyansky Bulvar,,"<br>Source: Wikipedia article <a href=""https://en.wikipedia.org/wiki/Slavyansky_Bulvar"">Slavyansky Bulvar</a>",37.4706,55.7296,0
Smolenskaya (Arbatsko–Pokrovskaya line),,"<br>Source: Wikipedia article <a href=""https://en.wikipedia.org/wiki/Smolenskaya_%28Arbatsko%E2%80%93Pokrovskaya_line%29"">Smolenskaya (Arbatsko–Pokrovskaya line)</a>",37.5823,55.7474,0
Smolenskaya (Filyovskaya line),,"<br>Source: Wikipedia article <a href=""https://en.wikipedia.org/wiki/Smolenskaya_%28Filyovskaya_line%29"">Smolenskaya (Filyovskaya line)</a>",37.5825,55.7488,0
Sokol (Moscow Metro),,"<br>Source: Wikipedia article <a href=""https://en.wikipedia.org/wiki/Sokol_%28Moscow_Metro%29"">Sokol (Moscow Metro)</a>",37.5153,55.8051,0
Sokolinaya Gora (Moscow Central Circle),,"<br>Source: Wikipedia article <a href=""https://en.wikipedia.org/wiki/Sokolinaya_Gora_%28Moscow_Central_Circle%29"">Sokolinaya Gora (Moscow Central Circle)</a>",37.7451,55.7714,0
Sokolniki (Sokolnicheskaya line),,"<br>Source: Wikipedia article <a href=""https://en.wikipedia.org/wiki/Sokolniki_%28Sokolnicheskaya_line%29"">Sokolniki (Sokolnicheskaya line)</a>",37.6802,55.7888,0
Solntsevo (Moscow Metro),,"<br>Source: Wikipedia article <a href=""https://en.wikipedia.org/wiki/Solntsevo_%28Moscow_Metro%29"">Solntsevo (Moscow Metro)</a>",37.3911,55.6497,0
Spartak (Moscow Metro),,"<br>Source: Wikipedia article <a href=""https://en.wikipedia.org/wiki/Spartak_%28Moscow_Metro%29"">Spartak (Moscow Metro)</a>",37.4352,55.8182,0
Sportivnaya (Moscow Metro),,"<br>Source: Wikipedia article <a href=""https://en.wikipedia.org/wiki/Sportivnaya_%28Moscow_Metro%29"">Sportivnaya (Moscow Metro)</a>",37.5639,55.7233,0
Sretensky Bulvar,,"<br>Source: Wikipedia article <a href=""https://en.wikipedia.org/wiki/Sretensky_Bulvar"">Sretensky Bulvar</a>",37.6392,55.7668,0
Stakhanovskaya,,"<br>Source: Wikipedia article <a href=""https://en.wikipedia.org/wiki/Stakhanovskaya"">Stakhanovskaya</a>",37.761944,55.725,0
Streshnevo (Moscow Central Circle),,"<br>Source: Wikipedia article <a href=""https://en.wikipedia.org/wiki/Streshnevo_%28Moscow_Central_Circle%29"">Streshnevo (Moscow Central Circle)</a>",37.487,55.8137,0
Strogino (Arbatsko–Pokrovskaya line),,"<br>Source: Wikipedia article <a href=""https://en.wikipedia.org/wiki/Strogino_%28Arbatsko%E2%80%93Pokrovskaya_line%29"">Strogino (Arbatsko–Pokrovskaya line)</a>",37.4031,55.8038,0
Studencheskaya (Moscow Metro),,"<br>Source: Wikipedia article <a href=""https://en.wikipedia.org/wiki/Studencheskaya_%28Moscow_Metro%29"">Studencheskaya (Moscow Metro)</a>",37.5483,55.7388,0
Sukharevskaya (Moscow Metro),,"<br>Source: Wikipedia article <a href=""https://en.wikipedia.org/wiki/Sukharevskaya_%28Moscow_Metro%29"">Sukharevskaya (Moscow Metro)</a>",37.6319,55.7733,0
Suvorovskaya (Moscow Metro),,"<br>Source: Wikipedia article <a href=""https://en.wikipedia.org/wiki/Suvorovskaya_%28Moscow_Metro%29"">Suvorovskaya (Moscow Metro)</a>",37.6204,55.7802,0
Sviblovo (Moscow Metro),,"<br>Source: Wikipedia article <a href=""https://en.wikipedia.org/wiki/Sviblovo_%28Moscow_Metro%29"">Sviblovo (Moscow Metro)</a>",37.6527,55.8552,0
Taganskaya (Koltsevaya line),,"<br>Source: Wikipedia article <a href=""https://en.wikipedia.org/wiki/Taganskaya_%28Koltsevaya_line%29"">Taganskaya (Koltsevaya line)</a>",37.6517,55.7418,0
Taganskaya (Tagansko–Krasnopresnenskaya line),,"<br>Source: Wikipedia article <a href=""https://en.wikipedia.org/wiki/Taganskaya_%28Tagansko%E2%80%93Krasnopresnenskaya_line%29"">Taganskaya (Tagansko–Krasnopresnenskaya line)</a>",37.6522,55.7402,0
Teatralnaya (Moscow Metro),,"<br>Source: Wikipedia article <a href=""https://en.wikipedia.org/wiki/Teatralnaya_%28Moscow_Metro%29"">Teatralnaya (Moscow Metro)</a>",37.619,55.7578,0
Tekhnopark (Zamoskvoretskaya line),,"<br>Source: Wikipedia article <a href=""https://en.wikipedia.org/wiki/Tekhnopark_%28Zamoskvoretskaya_line%29"">Tekhnopark (Zamoskvoretskaya line)</a>",37.6645,55.6933,0
Tekstilshchiki (Tagansko–Krasnopresnenskaya line),,"<br>Source: Wikipedia article <a href=""https://en.wikipedia.org/wiki/Tekstilshchiki_%28Tagansko%E2%80%93Krasnopresnenskaya_line%29"">Tekstilshchiki (Tagansko–Krasnopresnenskaya line)</a>",37.7316,55.7088,0
Timiryazevskaya (Serpukhovsko–Timiryazevskaya line),,"<br>Source: Wikipedia article <a href=""https://en.wikipedia.org/wiki/Timiryazevskaya_%28Serpukhovsko%E2%80%93Timiryazevskaya_line%29"">Timiryazevskaya (Serpukhovsko–Timiryazevskaya line)</a>",37.5765,55.8176,0
Tretyakovskaya (Moscow Metro),,"<br>Source: Wikipedia article <a href=""https://en.wikipedia.org/wiki/Tretyakovskaya_%28Moscow_Metro%29"">Tretyakovskaya (Moscow Metro)</a>",37.6274,55.7412,0
Troparyovo,,"<br>Source: Wikipedia article <a href=""https://en.wikipedia.org/wiki/Troparyovo"">Troparyovo</a>",37.4725,55.6459,0
Trubnaya (Moscow Metro),,"<br>Source: Wikipedia article <a href=""https://en.wikipedia.org/wiki/Trubnaya_%28Moscow_Metro%29"">Trubnaya (Moscow Metro)</a>",37.62,55.7688,0
TsSKA (Moscow Metro),,"<br>Source: Wikipedia article <a href=""https://en.wikipedia.org/wiki/TsSKA_%28Moscow_Metro%29"">TsSKA (Moscow Metro)</a>",37.5333,55.7866,0
Tsaritsyno (Moscow Metro),,"<br>Source: Wikipedia article <a href=""https://en.wikipedia.org/wiki/Tsaritsyno_%28Moscow_Metro%29"">Tsaritsyno (Moscow Metro)</a>",37.6694,55.6214,0
Tsvetnoy Bulvar,,"<br>Source: Wikipedia article <a href=""https://en.wikipedia.org/wiki/Tsvetnoy_Bulvar"">Tsvetnoy Bulvar</a>",37.6187,55.7708,0
Tulskaya (Moscow Metro),,"<br>Source: Wikipedia article <a href=""https://en.wikipedia.org/wiki/Tulskaya_%28Moscow_Metro%29"">Tulskaya (Moscow Metro)</a>",37.6229,55.7087,0
Turgenevskaya,,"<br>Source: Wikipedia article <a href=""https://en.wikipedia.org/wiki/Turgenevskaya"">Turgenevskaya</a>",37.6374,55.7661,0
Tushinskaya (Moscow Metro),,"<br>Source: Wikipedia article <a href=""https://en.wikipedia.org/wiki/Tushinskaya_%28Moscow_Metro%29"">Tushinskaya (Moscow Metro)</a>",37.4368,55.8267,0
Tverskaya (Moscow Metro),,"<br>Source: Wikipedia article <a href=""https://en.wikipedia.org/wiki/Tverskaya_%28Moscow_Metro%29"">Tverskaya (Moscow Metro)</a>",37.6065,55.7647,0
Tyoply Stan (Moscow Metro),,"<br>Source: Wikipedia article <a href=""https://en.wikipedia.org/wiki/Tyoply_Stan_%28Moscow_Metro%29"">Tyoply Stan (Moscow Metro)</a>",37.5082,55.6191,0
Ugreshskaya (Moscow Central Circle),,"<br>Source: Wikipedia article <a href=""https://en.wikipedia.org/wiki/Ugreshskaya_%28Moscow_Central_Circle%29"">Ugreshskaya (Moscow Central Circle)</a>",37.6976,55.7185,0
Ulitsa 1905 Goda,,"<br>Source: Wikipedia article <a href=""https://en.wikipedia.org/wiki/Ulitsa_1905_Goda"">Ulitsa 1905 Goda</a>",37.5613,55.765,0
Ulitsa Akademika Yangelya,,"<br>Source: Wikipedia article <a href=""https://en.wikipedia.org/wiki/Ulitsa_Akademika_Yangelya"">Ulitsa Akademika Yangelya</a>",37.6004,55.5949,0
Ulitsa Dmitriyevskogo,,"<br>Source: Wikipedia article <a href=""https://en.wikipedia.org/wiki/Ulitsa_Dmitriyevskogo"">Ulitsa Dmitriyevskogo</a>",37.879166,55.71,0
Ulitsa Gorchakova,,"<br>Source: Wikipedia article <a href=""https://en.wikipedia.org/wiki/Ulitsa_Gorchakova"">Ulitsa Gorchakova</a>",37.5308,55.5418,0
Ulitsa Skobelevskaya,,"<br>Source: Wikipedia article <a href=""https://en.wikipedia.org/wiki/Ulitsa_Skobelevskaya"">Ulitsa Skobelevskaya</a>",37.5546,55.5481,0
Ulitsa Starokachalovskaya,,"<br>Source: Wikipedia article <a href=""https://en.wikipedia.org/wiki/Ulitsa_Starokachalovskaya"">Ulitsa Starokachalovskaya</a>",37.5767,55.569,0
Universitet (Moscow Metro),,"<br>Source: Wikipedia article <a href=""https://en.wikipedia.org/wiki/Universitet_%28Moscow_Metro%29"">Universitet (Moscow Metro)</a>",37.5333,55.6926,0
VDNKh (Moscow Metro),,"<br>Source: Wikipedia article <a href=""https://en.wikipedia.org/wiki/VDNKh_%28Moscow_Metro%29"">VDNKh (Moscow Metro)</a>",37.6411,55.8211,0
Varshavskaya (Moscow Metro),,"<br>Source: Wikipedia article <a href=""https://en.wikipedia.org/wiki/Varshavskaya_%28Moscow_Metro%29"">Varshavskaya (Moscow Metro)</a>",37.6194,55.6533,0
Verkhniye Kotly (Moscow Central Circle),,"<br>Source: Wikipedia article <a href=""https://en.wikipedia.org/wiki/Verkhniye_Kotly_%28Moscow_Central_Circle%29"">Verkhniye Kotly (Moscow Central Circle)</a>",37.6193,55.6902,0
Verkhniye Likhobory,,"<br>Source: Wikipedia article <a href=""https://en.wikipedia.org/wiki/Verkhniye_Likhobory"">Verkhniye Likhobory</a>",37.561111,55.855833,0
Vladykino (Moscow Central Circle),,"<br>Source: Wikipedia article <a href=""https://en.wikipedia.org/wiki/Vladykino_%28Moscow_Central_Circle%29"">Vladykino (Moscow Central Circle)</a>",37.5926,55.8474,0
Vladykino (Serpukhovsko–Timiryazevskaya line),,"<br>Source: Wikipedia article <a href=""https://en.wikipedia.org/wiki/Vladykino_%28Serpukhovsko%E2%80%93Timiryazevskaya_line%29"">Vladykino (Serpukhovsko–Timiryazevskaya line)</a>",37.5899,55.8473,0
Vnukovo (Moscow Metro),,"<br>Source: Wikipedia article <a href=""https://en.wikipedia.org/wiki/Vnukovo_%28Moscow_Metro%29"">Vnukovo (Moscow Metro)</a>",37.2666666666667,55.65,0
Vodny Stadion (Moscow Metro),,"<br>Source: Wikipedia article <a href=""https://en.wikipedia.org/wiki/Vodny_Stadion_%28Moscow_Metro%29"">Vodny Stadion (Moscow Metro)</a>",37.4867,55.8398,0
Volgogradsky Prospekt (Moscow Metro),,"<br>Source: Wikipedia article <a href=""https://en.wikipedia.org/wiki/Volgogradsky_Prospekt_%28Moscow_Metro%29"">Volgogradsky Prospekt (Moscow Metro)</a>",37.6869,55.7253,0
Volokolamskaya (Moscow Metro),,"<br>Source: Wikipedia article <a href=""https://en.wikipedia.org/wiki/Volokolamskaya_%28Moscow_Metro%29"">Volokolamskaya (Moscow Metro)</a>",37.3822,55.8354,0
Volzhskaya (Moscow Metro),,"<br>Source: Wikipedia article <a href=""https://en.wikipedia.org/wiki/Volzhskaya_%28Moscow_Metro%29"">Volzhskaya (Moscow Metro)</a>",37.753,55.6909,0
Vorobyovy Gory (Moscow Metro),,"<br>Source: Wikipedia article <a href=""https://en.wikipedia.org/wiki/Vorobyovy_Gory_%28Moscow_Metro%29"">Vorobyovy Gory (Moscow Metro)</a>",37.5592,55.7103,0
Voykovskaya (Moscow Metro),,"<br>Source: Wikipedia article <a href=""https://en.wikipedia.org/wiki/Voykovskaya_%28Moscow_Metro%29"">Voykovskaya (Moscow Metro)</a>",37.498,55.819,0
Vykhino (Moscow Metro),,"<br>Source: Wikipedia article <a href=""https://en.wikipedia.org/wiki/Vykhino_%28Moscow_Metro%29"">Vykhino (Moscow Metro)</a>",37.8181,55.7156,0
Vystavochnaya,,"<br>Source: Wikipedia article <a href=""https://en.wikipedia.org/wiki/Vystavochnaya"">Vystavochnaya</a>",37.5408,55.7502,0
Yakhromskaya,,"<br>Source: Wikipedia article <a href=""https://en.wikipedia.org/wiki/Yakhromskaya"">Yakhromskaya</a>",37.545833,55.8775,0
Yasenevo (Moscow Metro),,"<br>Source: Wikipedia article <a href=""https://en.wikipedia.org/wiki/Yasenevo_%28Moscow_Metro%29"">Yasenevo (Moscow Metro)</a>",37.5333,55.6063,0
Yugo-Vostochnaya (Moscow Metro),,"<br>Source: Wikipedia article <a href=""https://en.wikipedia.org/wiki/Yugo-Vostochnaya_%28Moscow_Metro%29"">Yugo-Vostochnaya (Moscow Metro)</a>",37.818055,55.705,0
Yugo-Zapadnaya (Moscow Metro),,"<br>Source: Wikipedia article <a href=""https://en.wikipedia.org/wiki/Yugo-Zapadnaya_%28Moscow_Metro%29"">Yugo-Zapadnaya (Moscow Metro)</a>",37.4833,55.6637,0
Yuzhnaya (Moscow Metro),,"<br>Source: Wikipedia article <a href=""https://en.wikipedia.org/wiki/Yuzhnaya_%28Moscow_Metro%29"">Yuzhnaya (Moscow Metro)</a>",37.609,55.6224,0
Yuzhny Port,,"<br>Source: Wikipedia article <a href=""https://en.wikipedia.org/wiki/Yuzhny_Port"">Yuzhny Port</a>",37.707,55.7,0
ZIL (Moscow Central Circle),,"<br>Source: Wikipedia article <a href=""https://en.wikipedia.org/wiki/ZIL_%28Moscow_Central_Circle%29"">ZIL (Moscow Central Circle)</a>",37.6474,55.6978,0
Zhulebino (Moscow Metro),,"<br>Source: Wikipedia article <a href=""https://en.wikipedia.org/wiki/Zhulebino_%28Moscow_Metro%29"">Zhulebino (Moscow Metro)</a>",37.8563,55.6855,0
Zorge (Moscow Central Circle),,"<br>Source: Wikipedia article <a href=""https://en.wikipedia.org/wiki/Zorge_%28Moscow_Central_Circle%29"">Zorge (Moscow Central Circle)</a>",37.5045,55.7878,0
Zyablikovo (Moscow Metro),,"<br>Source: Wikipedia article <a href=""https://en.wikipedia.org/wiki/Zyablikovo_%28Moscow_Metro%29"">Zyablikovo (Moscow Metro)</a>",37.7453,55.6124,0
Khovrino,,"<br>Source: Wikipedia article <a href=""https://en.wikipedia.org/wiki/List_of_Moscow_Metro_stations"">List of Moscow Metro stations</a>",37.4822,55.8791,0
Belomorskaya,,"<br>Source: Wikipedia article <a href=""https://en.wikipedia.org/wiki/List_of_Moscow_Metro_stations"">List of Moscow Metro stations</a>",37.4764,55.8658,0
Tekhnopark (Moscow Metro),,"<br>Source: Wikipedia article <a href=""https://en.wikipedia.org/wiki/List_of_Moscow_Metro_stations"">List of Moscow Metro stations</a>",37.6641,55.695,0
Rasskazovka,,"<br>Source: Wikipedia article <a href=""https://en.wikipedia.org/wiki/List_of_Moscow_Metro_stations"">List of Moscow Metro stations</a>",37.3347,55.6339,0
Novoperedelkino,,"<br>Source: Wikipedia article <a href=""https://en.wikipedia.org/wiki/List_of_Moscow_Metro_stations"">List of Moscow Metro stations</a>",37.3552,55.6396,0
Borovskoye Shosse,,"<br>Source: Wikipedia article <a href=""https://en.wikipedia.org/wiki/List_of_Moscow_Metro_stations"">List of Moscow Metro stations</a>",37.3701,55.6476,0
Solntsevo,,"<br>Source: Wikipedia article <a href=""https://en.wikipedia.org/wiki/List_of_Moscow_Metro_stations"">List of Moscow Metro stations</a>",37.3909,55.6493,0
Govorovo,,"<br>Source: Wikipedia article <a href=""https://en.wikipedia.org/wiki/List_of_Moscow_Metro_stations"">List of Moscow Metro stations</a>",37.4172,55.6595,0
Ozyornaya,,"<br>Source: Wikipedia article <a href=""https://en.wikipedia.org/wiki/List_of_Moscow_Metro_stations"">List of Moscow Metro stations</a>",37.4491,55.6709,0
Michurinsky Prospekt,,"<br>Source: Wikipedia article <a href=""https://en.wikipedia.org/wiki/List_of_Moscow_Metro_stations"">List of Moscow Metro stations</a>",37.4833,55.6896,0
Okruzhnaya,,"<br>Source: Wikipedia article <a href=""https://en.wikipedia.org/wiki/List_of_Moscow_Metro_stations"">List of Moscow Metro stations</a>",37.57425,55.846,0
Fonvizinskaya,,"<br>Source: Wikipedia article <a href=""https://en.wikipedia.org/wiki/List_of_Moscow_Metro_stations"">List of Moscow Metro stations</a>",37.5881,55.8228,0
Butyrskaya,,"<br>Source: Wikipedia article <a href=""https://en.wikipedia.org/wiki/List_of_Moscow_Metro_stations"">List of Moscow Metro stations</a>",37.6028,55.8133,0
Delovoy Tsentr,,"<br>Source: Wikipedia article <a href=""https://en.wikipedia.org/wiki/List_of_Moscow_Metro_stations"">List of Moscow Metro stations</a>",37.5319,55.7475,0
Shelepikha,,"<br>Source: Wikipedia article <a href=""https://en.wikipedia.org/wiki/List_of_Moscow_Metro_stations"">List of Moscow Metro stations</a>",37.526,55.7567,0
Khoroshyovskaya,,"<br>Source: Wikipedia article <a href=""https://en.wikipedia.org/wiki/List_of_Moscow_Metro_stations"">List of Moscow Metro stations</a>",37.5207,55.7768,0
Petrovsky park,,"<br>Source: Wikipedia article <a href=""https://en.wikipedia.org/wiki/List_of_Moscow_Metro_stations"">List of Moscow Metro stations</a>",37.5571,55.7918,0
Savyolovskaya,,"<br>Source: Wikipedia article <a href=""https://en.wikipedia.org/wiki/List_of_Moscow_Metro_stations"">List of Moscow Metro stations</a>",37.588,55.7936,0
Timiryazevskaya,,"<br>Source: Wikipedia article <a href=""https://en.wikipedia.org/wiki/List_of_Moscow_Metro_stations"">List of Moscow Metro stations</a>",37.5789,55.819,0
Ulitsa Milashenkova,,"<br>Source: Wikipedia article <a href=""https://en.wikipedia.org/wiki/List_of_Moscow_Metro_stations"">List of Moscow Metro stations</a>",37.5911,55.8218,0
Teletsentr,,"<br>Source: Wikipedia article <a href=""https://en.wikipedia.org/wiki/List_of_Moscow_Metro_stations"">List of Moscow Metro stations</a>",37.6089,55.8218,0
Ulitsa Akademika Korolyova,,"<br>Source: Wikipedia article <a href=""https://en.wikipedia.org/wiki/List_of_Moscow_Metro_stations"">List of Moscow Metro stations</a>",37.6269,55.8218,0
Vystavochny Tsentr,,"<br>Source: Wikipedia article <a href=""https://en.wikipedia.org/wiki/List_of_Moscow_Metro_stations"">List of Moscow Metro stations</a>",37.6383,55.824,0
Ulitsa Sergeya Eisensteina,,"<br>Source: Wikipedia article <a href=""https://en.wikipedia.org/wiki/List_of_Moscow_Metro_stations"">List of Moscow Metro stations</a>",37.6449,55.8292,0
Okruzhnaya,,"<br>Source: Wikipedia article <a href=""https://en.wikipedia.org/wiki/List_of_Moscow_Metro_stations"">List of Moscow Metro stations</a>",37.5694,55.8472,0
Vladykino,,"<br>Source: Wikipedia article <a href=""https://en.wikipedia.org/wiki/List_of_Moscow_Metro_stations"">List of Moscow Metro stations</a>",37.593,55.8476,0
Botanichesky Sad,,"<br>Source: Wikipedia article <a href=""https://en.wikipedia.org/wiki/List_of_Moscow_Metro_stations"">List of Moscow Metro stations</a>",37.6413,55.846,0
Rostokino,,"<br>Source: Wikipedia article <a href=""https://en.wikipedia.org/wiki/List_of_Moscow_Metro_stations"">List of Moscow Metro stations</a>",37.6653,55.84,0
Belokamennaya,,"<br>Source: Wikipedia article <a href=""https://en.wikipedia.org/wiki/List_of_Moscow_Metro_stations"">List of Moscow Metro stations</a>",37.7006,55.83,0
Bulvar Rokossovskogo (Moscow Central Circle),,"<br>Source: Wikipedia article <a href=""https://en.wikipedia.org/wiki/List_of_Moscow_Metro_stations"">List of Moscow Metro stations</a>",37.7369,55.8172,0
Lokomotiv,,"<br>Source: Wikipedia article <a href=""https://en.wikipedia.org/wiki/List_of_Moscow_Metro_stations"">List of Moscow Metro stations</a>",37.746,55.8039,0
Izmaylovo,,"<br>Source: Wikipedia article <a href=""https://en.wikipedia.org/wiki/List_of_Moscow_Metro_stations"">List of Moscow Metro stations</a>",37.7428,55.7886,0
Shosse Entuziastov,,"<br>Source: Wikipedia article <a href=""https://en.wikipedia.org/wiki/List_of_Moscow_Metro_stations"">List of Moscow Metro stations</a>",37.7463,55.759,0
Andronovka,,"<br>Source: Wikipedia article <a href=""https://en.wikipedia.org/wiki/List_of_Moscow_Metro_stations"">List of Moscow Metro stations</a>",37.7344,55.7411,0
Nizhegorodskaya,,"<br>Source: Wikipedia article <a href=""https://en.wikipedia.org/wiki/List_of_Moscow_Metro_stations"">List of Moscow Metro stations</a>",37.7282,55.7322,0
Novokhokhlovskaya,,"<br>Source: Wikipedia article <a href=""https://en.wikipedia.org/wiki/List_of_Moscow_Metro_stations"">List of Moscow Metro stations</a>",37.7161,55.7239,0
Ugreshskaya,,"<br>Source: Wikipedia article <a href=""https://en.wikipedia.org/wiki/List_of_Moscow_Metro_stations"">List of Moscow Metro stations</a>",37.6978,55.7183,0
Avtozavodskaya (Moscow Central Circle),,"<br>Source: Wikipedia article <a href=""https://en.wikipedia.org/wiki/List_of_Moscow_Metro_stations"">List of Moscow Metro stations</a>",37.6631,55.7063,0
Verkhnie Kotly,,"<br>Source: Wikipedia article <a href=""https://en.wikipedia.org/wiki/List_of_Moscow_Metro_stations"">List of Moscow Metro stations</a>",37.6189,55.69,0
Krymskaya,,"<br>Source: Wikipedia article <a href=""https://en.wikipedia.org/wiki/List_of_Moscow_Metro_stations"">List of Moscow Metro stations</a>",37.605,55.69,0
Ploshchad Gagarina,,"<br>Source: Wikipedia article <a href=""https://en.wikipedia.org/wiki/List_of_Moscow_Metro_stations"">List of Moscow Metro stations</a>",37.5858,55.7069,0
Luzhniki,,"<br>Source: Wikipedia article <a href=""https://en.wikipedia.org/wiki/List_of_Moscow_Metro_stations"">List of Moscow Metro stations</a>",37.5631,55.7203,0
Kutuzovskaya,,"<br>Source: Wikipedia article <a href=""https://en.wikipedia.org/wiki/List_of_Moscow_Metro_stations"">List of Moscow Metro stations</a>",37.5333,55.7408,0
Delovoy Tsentr,,"<br>Source: Wikipedia article <a href=""https://en.wikipedia.org/wiki/List_of_Moscow_Metro_stations"">List of Moscow Metro stations</a>",37.5322,55.7472,0
Shelepikha,,"<br>Source: Wikipedia article <a href=""https://en.wikipedia.org/wiki/List_of_Moscow_Metro_stations"">List of Moscow Metro stations</a>",37.5256,55.7575,0
Khoroshyovo,,"<br>Source: Wikipedia article <a href=""https://en.wikipedia.org/wiki/List_of_Moscow_Metro_stations"">List of Moscow Metro stations</a>",37.5072,55.7772,0
Streshnevo,,"<br>Source: Wikipedia article <a href=""https://en.wikipedia.org/wiki/List_of_Moscow_Metro_stations"">List of Moscow Metro stations</a>",37.4869,55.8136,0
Baltiyskaya,,"<br>Source: Wikipedia article <a href=""https://en.wikipedia.org/wiki/List_of_Moscow_Metro_stations"">List of Moscow Metro stations</a>",37.4961,55.8258,0
Likhobory,,"<br>Source: Wikipedia article <a href=""https://en.wikipedia.org/wiki/List_of_Moscow_Metro_stations"">List of Moscow Metro stations</a>",37.5513,55.8472,0
Kosino,,"<br>Source: Wikipedia article <a href=""https://en.wikipedia.org/wiki/List_of_Moscow_Metro_stations"">List of Moscow Metro stations</a>",37.8511,55.7033,0
Ulitsa Dmitriyevskogo,,"<br>Source: Wikipedia article <a href=""https://en.wikipedia.org/wiki/List_of_Moscow_Metro_stations"">List of Moscow Metro stations</a>",37.8792,55.71,0
Nekrasovka,,"<br>Source: Wikipedia article <a href=""https://en.wikipedia.org/wiki/List_of_Moscow_Metro_stations"">List of Moscow Metro stations</a>",37.9264,55.7036,0
Stakhanovskaya,,"<br>Source: Wikipedia article <a href=""https://en.wikipedia.org/wiki/List_of_Moscow_Metro_stations"">List of Moscow Metro stations</a>",37.7619,55.725,0
Okskaya,,"<br>Source: Wikipedia article <a href=""https://en.wikipedia.org/wiki/List_of_Moscow_Metro_stations"">List of Moscow Metro stations</a>",37.7817,55.7186,0
Filatov Lug,,"<br>Source: Wikipedia article <a href=""https://en.wikipedia.org/wiki/List_of_Moscow_Metro_stations"">List of Moscow Metro stations</a>",37.407645,55.601367,0
Prokshino,,"<br>Source: Wikipedia article <a href=""https://en.wikipedia.org/wiki/List_of_Moscow_Metro_stations"">List of Moscow Metro stations</a>",37.433802,55.586242,0
Olkhovaya,,"<br>Source: Wikipedia article <a href=""https://en.wikipedia.org/wiki/List_of_Moscow_Metro_stations"">List of Moscow Metro stations</a>",37.459332,55.568643,0
Kommunarka,,"<br>Source: Wikipedia article <a href=""https://en.wikipedia.org/wiki/List_of_Moscow_Metro_stations"">List of Moscow Metro stations</a>",37.46822,55.560396,0
Mnyovniki,,"<br>Source: Wikipedia article <a href=""https://en.wikipedia.org/wiki/List_of_Moscow_Metro_stations"">List of Moscow Metro stations</a>",37.4708,55.7585,0
Narodnoye Opolcheniye,,"<br>Source: Wikipedia article <a href=""https://en.wikipedia.org/wiki/List_of_Moscow_Metro_stations"">List of Moscow Metro stations</a>",37.4844,55.7738,0
Elektrozavodskaya,,"<br>Source: Wikipedia article <a href=""https://en.wikipedia.org/wiki/List_of_Moscow_Metro_stations"">List of Moscow Metro stations</a>",37.703013,55.780292,0
Lefortovo,,"<br>Source: Wikipedia article <a href=""https://en.wikipedia.org/wiki/List_of_Moscow_Metro_stations"">List of Moscow Metro stations</a>",37.706747,55.764738,0
Aviamotornaya,,"<br>Source: Wikipedia article <a href=""https://en.wikipedia.org/wiki/List_of_Moscow_Metro_stations"">List of Moscow Metro stations</a>",37.719149,55.75367,0
Nizhegorodskaya,,"<br>Source: Wikipedia article <a href=""https://en.wikipedia.org/wiki/List_of_Moscow_Metro_stations"">List of Moscow Metro stations</a>",37.730076,55.731748,0
Yugo-Vostochnaya,,"<br>Source: Wikipedia article <a href=""https://en.wikipedia.org/wiki/List_of_Moscow_Metro_stations"">List of Moscow Metro stations</a>",37.81901,55.70497,0
ZIL (Moscow Central Circle),,"<br>Source: Wikipedia article <a href=""https://en.wikipedia.org/wiki/List_of_Moscow_Metro_stations"">List of Moscow Metro stations</a>",37.6483,55.6983,0
